"","Modelo","AIC","BIC"
"1","arima113",409.014180813575,413.180247533856
"2","arima110",415.791272376499,417.457699064612
"3","arima111",410.552222128093,413.051862160261
"4","arima112",407.140980670907,410.473834047132
"5","arima011",418.68571530128,420.352141989393
"6","arima012",418.749733232846,421.249373265014
"7","arima013",415.43577831212,418.768631688345
"8","arima010",420.121281670055,420.954495014112
